id,rule,category,question_before,question_after,answer_before,answer_after,question_changed
3,period -> ماهواري,حيض جي صحت ۽ مدت,هڪ عرصو عام طور تي ڪيترا ڏينهن گذري ٿو؟,هڪ ماهواري عام طور تي ڪيترا ڏينهن گذري ٿو؟,هڪ عام عرصو 2 ۽ 7 ڏينهن جي وچ ۾ رهي ٿو، عام طور تي پهرين ٻن ڏينهن ۾ تمام گهڻو رت وهندو آهي ۽ پوءِ بند ٿي ويندو آهي.,هڪ عام ماهواري 2 ۽ 7 ڏينهن جي وچ ۾ رهي ٿو، عام طور تي پهرين ٻن ڏينهن ۾ تمام گهڻو رت وهندو آهي ۽ پوءِ بند ٿي ويندو آهي.,True
11,period -> ماهواري,حيض جي صحت ۽ مدت,ڇا اهو عام آهي ته هڪ عرصي دوران ننڍڙن کلٽن جو گذرڻ؟,ڇا اهو عام آهي ته هڪ ماهواري دوران ننڍڙن کلٽن جو گذرڻ؟,ڪڏھن ڪڏھن ننڍڙا ڪلٽ گذرڻ، خاص ڪري گھڻن ڏينھن تي، عام ۽ عام طور تي عام آھي؛ بار بار وڏيون ڪلٽون (هڪ سڪي کان وڏو) يا تمام گهڻو خونريزي صحت جي سار سنڀار فراهم ڪندڙ سان بحث ڪرڻ جي قابل آهي.,ڪڏھن ڪڏھن ننڍڙا ڪلٽ گذرڻ، خاص ڪري گھڻن ڏينھن تي، عام ۽ عام طور تي عام آھي؛ بار بار وڏيون ڪلٽون (هڪ سڪي کان وڏو) يا تمام گهڻو خونريزي صحت جي سار سنڀار فراهم ڪندڙ سان بحث ڪرڻ جي قابل آهي.,True
12,period -> ماهواري,حيض جي صحت ۽ مدت,عرصو ڪڏهن ڪڏهن معمول کان مختلف بوءِ ڇو ٿا؟,ماهواري ڪڏهن ڪڏهن معمول کان مختلف بوءِ ڇو ٿا؟,حيض جي رت ۾ هڪ نرم قدرتي گند آهي جيڪا هوا جي نمائش سان ٿوري تبديل ٿي سگهي ٿي. پيڊن يا ٽيمپون کي باقاعدگي سان تبديل ڪرڻ ۽ ٻاهرئين جينياتي علائقي کي پاڻي سان ڌوئڻ ان کي منظم رکڻ ۾ مدد ڪري ٿو.,حيض جي رت ۾ هڪ نرم قدرتي گند آهي جيڪا هوا جي نمائش سان ٿوري تبديل ٿي سگهي ٿي. پيڊن يا ٽيمپون کي باقاعدگي سان تبديل ڪرڻ ۽ ٻاهرئين جينياتي علائقي کي پاڻي سان ڌوئڻ ان کي منظم رکڻ ۾ مدد ڪري ٿو.,True
17,period -> ماهواري,حيض جي صحت ۽ مدت,شروعاتي دورن کان پوءِ ڪيترو جلدي اهي باقاعده ٿي ويندا آهن؟,شروعاتي دورن کان پوءِ ڪيترو جلدي اهي باقاعده ٿي ويندا آهن؟,پهرين دور کان پوءِ ٻن کان ٽن سالن تائين وٺي سگھي ٿو سائيڪلن کي وڌيڪ اڳڪٿي ڪرڻ واري نموني ۾ آباد ٿيڻ لاءِ، ڇو ته هارمونل سسٽم اڃا تائين ان عرصي دوران پختو ٿي رهيو آهي.,پهرين دور کان پوءِ ٻن کان ٽن سالن تائين وٺي سگھي ٿو سائيڪلن کي وڌيڪ اڳڪٿي ڪرڻ واري نموني ۾ آباد ٿيڻ لاءِ، ڇو ته هارمونل سسٽم اڃا تائين ان ماهواري دوران پختو ٿي رهيو آهي.,False
23,period -> ماهواري,حيض جي صحت ۽ مدت,ڇا عرصو عام طور تي ساڳئي وقت هر چڪر ۾ ٿين ٿا؟,ڇا ماهواري عام طور تي ساڳئي وقت هر چڪر ۾ ٿين ٿا؟,ڪيترائي ماڻهو ڪيترن ئي چڪرن تي ڪافي هڪجهڙائي واري نموني کي نوٽيس ڪندا آهن، پر وقت ۾ ننڍيون تبديليون عام آهن ۽ دٻاء، بيماري، يا طرز زندگي جي تبديلين کان متاثر ٿي سگهن ٿيون.,ڪيترائي ماڻهو ڪيترن ئي چڪرن تي ڪافي هڪجهڙائي واري نموني کي نوٽيس ڪندا آهن، پر وقت ۾ ننڍيون تبديليون عام آهن ۽ دٻاء، بيماري، يا طرز زندگي جي تبديلين کان متاثر ٿي سگهن ٿيون.,True
28,period -> ماهواري,حيض جي صحت ۽ مدت,دور ۽ اسپاٽنگ جي وچ ۾ ڇا فرق آهي؟,دور ۽ اسپاٽنگ جي وچ ۾ ڇا فرق آهي؟,هڪ عرصو شامل آهي هڪ ڳري، مسلسل وهڪري ڪيترن ئي ڏينهن تائين، جڏهن ته اسپاٽنگ تمام هلڪو، مختصر خونريزي آهي جنهن کي باقاعده پيڊ يا ٽيمپون تبديلين جي ضرورت ناهي.,هڪ ماهواري شامل آهي هڪ ڳري، مسلسل وهڪري ڪيترن ئي ڏينهن تائين، جڏهن ته اسپاٽنگ تمام هلڪو، مختصر خونريزي آهي جنهن کي باقاعده پيڊ يا ٽيمپون تبديلين جي ضرورت ناهي.,False
32,period -> ماهواري,حيض جي صحت ۽ مدت,ڇا اهو عام آهي ته ڪڏهن ڪڏهن حمل جي بغير ڪنهن دور کي ڇڏي ڏيو؟,ڇا اهو عام آهي ته ڪڏهن ڪڏهن حمل جي بغير ڪنهن دور کي ڇڏي ڏيو؟,ها، ڪڏهن ڪڏهن ياد ٿيل عرصو دٻاء، بيماري، سفر، يا هارمون جي وهڪري جي ڪري ٿي سگهي ٿو، جيتوڻيڪ هڪ مس ٿيل عرصو هميشه ممڪن حمل جي حوالي سان غور ڪيو وڃي جيڪڏهن لاڳاپيل هجي.,ها، ڪڏهن ڪڏهن ياد ٿيل ماهواري دٻاء، بيماري، سفر، يا هارمون جي وهڪري جي ڪري ٿي سگهي ٿو، جيتوڻيڪ هڪ مس ٿيل ماهواري هميشه ممڪن حمل جي حوالي سان غور ڪيو وڃي جيڪڏهن لاڳاپيل هجي.,False
40,period -> ماهواري,حيض جي صحت ۽ مدت,ڇا اهو عام آهي ته عرصو پهرين يا ٻن سالن ۾ غير منظم هجي؟,ڇا اهو عام آهي ته ماهواري پهرين يا ٻن سالن ۾ غير منظم هجي؟,ها، اهو تمام عام آهي ته چڪر جو وقت، ڊگھائي ۽ وهڪري جي لحاظ کان غير متوقع هجڻ، مينارچ کان پوءِ پهرين ٻن سالن دوران جڏهن ته هارمون جي ضابطي جي پختگي ٿئي ٿي.,ها، اهو تمام عام آهي ته چڪر جو وقت، ڊگھائي ۽ وهڪري جي لحاظ کان غير متوقع هجڻ، مينارچ کان پوءِ پهرين ٻن سالن دوران جڏهن ته هارمون جي ضابطي جي پختگي ٿئي ٿي.,True
41,period -> ماهواري,حيض جي صحت ۽ مدت,هڪ نوجوان ڇوڪري کي پنهنجي پهرين دور لاء ڪيئن تيار ڪيو وڃي؟,هڪ نوجوان ڇوڪري کي پنهنجي پهرين دور لاء ڪيئن تيار ڪيو وڃي؟,وضاحت ڪرڻ ته عرصو ڇا آهي، ڏيکاريو ته پيڊ ڪيئن استعمال ڪجي، ۽ هن کي يقين ڏياريو ته اهو ٿيڻ کان اڳ وڏي ٿيڻ جو هڪ عام حصو آهي، خوف ۽ مونجهاري کي گهٽائي سگھي ٿو جڏهن مينارچ ٿئي ٿي.,وضاحت ڪرڻ ته ماهواري ڇا آهي، ڏيکاريو ته پيڊ ڪيئن استعمال ڪجي، ۽ هن کي يقين ڏياريو ته اهو ٿيڻ کان اڳ وڏي ٿيڻ جو هڪ عام حصو آهي، خوف ۽ مونجهاري کي گهٽائي سگھي ٿو جڏهن مينارچ ٿئي ٿي.,False
44,period -> ماهواري,حيض جي صحت ۽ مدت,ڇا عرصو 10 سالن کان اڳ شروع ٿي سگھي ٿو؟,ڇا ماهواري 10 سالن کان اڳ شروع ٿي سگھي ٿو؟,ها، ڪجهه ٻار 10 سالن جي عمر کان اڳ حيض شروع ڪن ٿا، جنهن کي اڳڀرائي بلوغت سڏيو ويندو آهي؛ هي هڪ ٻارن جي بيمارين سان بحث ڪرڻ جي قابل آهي ته هرمون جي سطح کي جانچڻ لاء هڪ صحتمند ٽريڪ تي آهي.,ها، ڪجهه ٻار 10 سالن جي عمر کان اڳ حيض شروع ڪن ٿا، جنهن کي اڳڀرائي بلوغت سڏيو ويندو آهي؛ هي هڪ ٻارن جي بيمارين سان بحث ڪرڻ جي قابل آهي ته هرمون جي سطح کي جانچڻ لاء هڪ صحتمند ٽريڪ تي آهي.,True
108,period -> ماهواري,حيض جي صحت ۽ مدت,ڳري حيض جي خونريزي کي ڇا سمجهيو ويندو آهي؟,ڳري حيض جي خونريزي کي ڇا سمجهيو ويندو آهي؟,وڏي حيض واري خونريزي، جنهن کي طبي طور تي مينورجيا سڏيو ويندو آهي، عام طور تي رت جي گهٽتائي جي طور تي بيان ڪيو ويو آهي جيڪو زندگي جي معيار سان مداخلت ڪري ٿو، جهڙوڪ پيڊ يا ٽيمپون ذريعي هر ڪلاڪ يا ٻه، يا عرصو 7 ڏينهن کان وڌيڪ ڊگهو آهي.,وڏي حيض واري خونريزي، جنهن کي طبي طور تي مينورجيا سڏيو ويندو آهي، عام طور تي رت جي گهٽتائي جي طور تي بيان ڪيو ويو آهي جيڪو زندگي جي معيار سان مداخلت ڪري ٿو، جهڙوڪ پيڊ يا ٽيمپون ذريعي هر ڪلاڪ يا ٻه، يا ماهواري 7 ڏينهن کان وڌيڪ ڊگهو آهي.,False
129,period -> ماهواري,حيض جي صحت ۽ مدت,ڇا رت جو رنگ ظاهر ڪري ٿو ته عرصو ڪيترو ڳرو آهي؟,ڇا رت جو رنگ ظاهر ڪري ٿو ته ماهواري ڪيترو ڳرو آهي؟,سڌي طرح نه - رنگ بنيادي طور تي ظاهر ڪري ٿو ته رت ڪيتري جلدي جسم مان نڪرندو آهي (تيز وهڪري لاءِ روشن ڳاڙهي، سست وهڪري لاءِ اونداهو)، بجاءِ ڪل رقم وڃائڻ جي.,سڌي طرح نه - رنگ بنيادي طور تي ظاهر ڪري ٿو ته رت ڪيتري جلدي جسم مان نڪرندو آهي (تيز وهڪري لاءِ روشن ڳاڙهي، سست وهڪري لاءِ اونداهو)، بجاءِ ڪل رقم وڃائڻ جي.,True
152,period -> ماهواري,حيض جي صحت ۽ مدت,ڇا اهو ضروري آهي ته جينياتي علائقي کي وڌيڪ عرصي دوران ڌوئڻ؟,ڇا اهو ضروري آهي ته جينياتي علائقي کي وڌيڪ ماهواري دوران ڌوئڻ؟,عام طور تي ڏينهن ۾ هڪ يا ٻه ڀيرا گرم پاڻي سان خارجي جينياتي علائقي کي ڌوئڻ ڪافي آهي. سخت صابن يا ڊچنگ ضروري نه آهن ۽ قدرتي توازن کي بگاڙي سگهن ٿا.,عام طور تي ڏينهن ۾ هڪ يا ٻه ڀيرا گرم پاڻي سان خارجي جينياتي علائقي کي ڌوئڻ ڪافي آهي. سخت صابن يا ڊچنگ ضروري نه آهن ۽ قدرتي توازن کي بگاڙي سگهن ٿا.,True
153,period -> ماهواري,حيض جي صحت ۽ مدت,ڇا عرصو دوران خوشبودار شيون استعمال ڪرڻ گهرجن؟,ڇا ماهواري دوران خوشبودار شيون استعمال ڪرڻ گهرجن؟,خوشبودار پيڊ، وائپس، يا اسپري ضروري نه آهن ۽ ڪڏهن ڪڏهن جلن يا الرجڪ رد عمل جو سبب بڻجي سگهن ٿا؛ غير خوشبودار پروڊڪٽس عام طور تي حيض جي صفائي لاء سفارش ڪئي وئي آهي.,خوشبودار پيڊ، وائپس، يا اسپري ضروري نه آهن ۽ ڪڏهن ڪڏهن جلن يا الرجڪ رد عمل جو سبب بڻجي سگهن ٿا؛ غير خوشبودار پروڊڪٽس عام طور تي حيض جي صفائي لاء سفارش ڪئي وئي آهي.,True
174,period -> ماهواري,حيض جي صحت ۽ مدت,ڇا هڪ عرصي دوران يا بعد ۾ ڊچنگ جي سفارش ڪئي وئي آهي؟,ڇا هڪ ماهواري دوران يا بعد ۾ ڊچنگ جي سفارش ڪئي وئي آهي؟,نه، ڊچنگ جي سفارش نه ڪئي وئي آهي، ڇاڪاڻ ته اهو قدرتي اندام جي توازن کي خراب ڪري سگهي ٿو ۽ انفيڪشن جو خطرو وڌائي سگهي ٿو. اندام خود صفائي آهي.,نه، ڊچنگ جي سفارش نه ڪئي وئي آهي، ڇاڪاڻ ته اهو قدرتي اندام جي توازن کي خراب ڪري سگهي ٿو ۽ انفيڪشن جو خطرو وڌائي سگهي ٿو. اندام خود صفائي آهي.,True
186,period -> ماهواري,حيض جي صحت ۽ مدت,ڪنهن کي دير جي مدت بابت پريشان ٿيڻ کان پهريان ڪيترو انتظار ڪرڻ گهرجي، فرض ڪيو حمل هڪ عنصر نه آهي؟,ڪنهن کي دير جي مدت بابت پريشان ٿيڻ کان پهريان ڪيترو انتظار ڪرڻ گهرجي، فرض ڪيو حمل هڪ عنصر نه آهي؟,جيڪڏهن هڪ عرصو هڪ هفتي کان وڌيڪ دير سان بغير ڪنهن واضح سبب جهڙوڪ دٻاء يا بيماري، ۽ اهو هڪ نمونو بڻجي وڃي، اهو مناسب آهي ته صحت جي سار سنڀار فراهم ڪندڙ سان چيڪ ڪريو.,جيڪڏهن هڪ ماهواري هڪ هفتي کان وڌيڪ دير سان بغير ڪنهن واضح سبب جهڙوڪ دٻاء يا بيماري، ۽ اهو هڪ نمونو بڻجي وڃي، اهو مناسب آهي ته صحت جي سار سنڀار فراهم ڪندڙ سان چيڪ ڪريو.,False
192,period -> ماهواري,حيض جي صحت ۽ مدت,ڇا ڇڏڻ يا شروع ڪرڻ هارمونل برٿ ڪنٽرول عارضي بي ترتيبي سبب ٿي سگهي ٿو؟,ڇا ڇڏڻ يا شروع ڪرڻ هارمونل برٿ ڪنٽرول عارضي بي ترتيبي سبب ٿي سگهي ٿو؟,ها، عام طور تي جسم جي قدرتي چڪر کي هارمونل حملن جي روڪڻ کان پوءِ پاڻ کي ٻيهر قائم ڪرڻ ۾ ڪجهه مهينا لڳن ٿا، ۽ هن ترتيب واري عرصي دوران چڪر غير منظم ٿي سگهن ٿا.,ها، عام طور تي جسم جي قدرتي چڪر کي هارمونل حملن جي روڪڻ کان پوءِ پاڻ کي ٻيهر قائم ڪرڻ ۾ ڪجهه مهينا لڳن ٿا، ۽ هن ترتيب واري ماهواري دوران چڪر غير منظم ٿي سگهن ٿا.,False
204,period -> ماهواري,حيض جي صحت ۽ مدت,ڇا دٻاءُ يا سفر کان هڪ اڪيلو مس ٿيل دور عام طور تي طبي تشخيص جي ضرورت آهي؟,ڇا دٻاءُ يا سفر کان هڪ اڪيلو مس ٿيل دور عام طور تي طبي تشخيص جي ضرورت آهي؟,عام طور تي نه، جيڪڏهن ڪو واضح سبب آهي ۽ ٻيو ڪو به علامتي علامات نه آهي؛ تنهن هوندي، جيڪڏهن عرصو ڪيترن ئي مهينن تائين غير منظم رهي ٿو، اهو صحت جي سار سنڀار فراهم ڪندڙ سان چيڪ ڪرڻ جي قابل آهي.,عام طور تي نه، جيڪڏهن ڪو واضح سبب آهي ۽ ٻيو ڪو به علامتي علامات نه آهي؛ تنهن هوندي، جيڪڏهن ماهواري ڪيترن ئي مهينن تائين غير منظم رهي ٿو، اهو صحت جي سار سنڀار فراهم ڪندڙ سان چيڪ ڪرڻ جي قابل آهي.,False
213,period -> ماهواري,حيض جي صحت ۽ مدت,ڇا مذهبي عقيدن جي دوران روزو رکڻ چڪر جي وقت تي اثر انداز ٿئي ٿو؟,ڇا مذهبي عقيدن جي دوران روزو رکڻ چڪر جي وقت تي اثر انداز ٿئي ٿو؟,توسيع روزو رکڻ توانائي جي توازن ۽ هارمون جي ضابطي کي عارضي طور تي متاثر ڪري سگهي ٿو، ۽ ڪجهه ماڻهو روزو رکڻ واري عرصي دوران يا بعد ۾ چڪر جي وقت ۾ معمولي ڦيرڦار محسوس ڪن ٿا، جيڪي عام طور تي بعد ۾ حل ٿي ويندا آهن.,توسيع روزو رکڻ توانائي جي توازن ۽ هارمون جي ضابطي کي عارضي طور تي متاثر ڪري سگهي ٿو، ۽ ڪجهه ماڻهو روزو رکڻ واري ماهواري دوران يا بعد ۾ چڪر جي وقت ۾ معمولي ڦيرڦار محسوس ڪن ٿا، جيڪي عام طور تي بعد ۾ حل ٿي ويندا آهن.,False
214,period -> ماهواري,حيض جي صحت ۽ مدت,ڪو ماڻهو ڪيئن ٻڌائي سگهي ٿو ته عام چڪر جي فرق جي وچ ۾ فرق ۽ هڪ نمونو جيڪو طبي ڌيان جي ضرورت آهي؟,ڪو ماڻهو ڪيئن ٻڌائي سگهي ٿو ته عام چڪر جي فرق جي وچ ۾ فرق ۽ هڪ نمونو جيڪو طبي ڌيان جي ضرورت آهي؟,انگن جو هڪ مددگار قاعدو اهو آهي ته ڪڏهن ڪڏهن، وضاحتي شفٽون (جهڙوڪ هڪ دير واري عرصي کان پوء هڪ دٻاء واري هفتي کان پوء) عام طور تي عام آهن، جڏهن ته ڪيترن ئي مهينن تائين مسلسل نموني طبي جائزو جي ضمانت ڏئي ٿو.,انگن جو هڪ مددگار قاعدو اهو آهي ته ڪڏهن ڪڏهن، وضاحتي شفٽون (جهڙوڪ هڪ دير واري ماهواري کان پوء هڪ دٻاء واري هفتي کان پوء) عام طور تي عام آهن، جڏهن ته ڪيترن ئي مهينن تائين مسلسل نموني طبي جائزو جي ضمانت ڏئي ٿو.,False
217,period -> ماهواري,حيض جي صحت ۽ مدت,ڇا اهو سچ آهي ته ڪنهن دور ۾ ورزش ڪرڻ نقصانڪار آهي؟,ڇا اهو سچ آهي ته ڪنهن دور ۾ ورزش ڪرڻ نقصانڪار آهي؟,نه، هڪ عرصي دوران اعتدال پسند ورزش محفوظ آهي ۽ اصل ۾ درد کي رليف ڪرڻ ۽ موڊ کي بهتر ڪرڻ ۾ مدد ڪري سگهي ٿي. جسماني سرگرمي کان بچڻ لاء ڪو طبي سبب ناهي.,نه، هڪ ماهواري دوران اعتدال پسند ورزش محفوظ آهي ۽ اصل ۾ درد کي رليف ڪرڻ ۽ موڊ کي بهتر ڪرڻ ۾ مدد ڪري سگهي ٿي. جسماني سرگرمي کان بچڻ لاء ڪو طبي سبب ناهي.,False
218,period -> ماهواري,حيض جي صحت ۽ مدت,ڇا عرصو ٿيڻ جو مطلب آهي ڪنهن کي مذهبي يا مقدس هنڌن ۾ داخل نه ٿيڻ گهرجي؟,ڇا ماهواري ٿيڻ جو مطلب آهي ڪنهن کي مذهبي يا مقدس هنڌن ۾ داخل نه ٿيڻ گهرجي؟,اهو هڪ ثقافتي يا مذهبي عمل آهي ڪجهه روايتن ۾ طبي ضرورت جي بجاءِ. حيض پاڻ کي ڪنهن به جاء تي صحت لاء خطرو نٿو ڪري.,اهو هڪ ثقافتي يا مذهبي عمل آهي ڪجهه روايتن ۾ طبي ضرورت جي بجاءِ. حيض پاڻ کي ڪنهن به جاء تي صحت لاء خطرو نٿو ڪري.,True
220,period -> ماهواري,حيض جي صحت ۽ مدت,ڇا هڪ عرصي دوران ترڻ هڪ انفيڪشن سبب ٿي سگهي ٿو؟,ڇا هڪ ماهواري دوران ترڻ هڪ انفيڪشن سبب ٿي سگهي ٿو؟,نه، ڪنهن دور ۾ ترڻ، خاص طور تي ٽيمپون، پيڊ، يا پيالو رکڻ سان، محفوظ آهي ۽ پاڻ تي انفيڪشن جو خطرو نٿو وڌائي.,نه، ڪنهن دور ۾ ترڻ، خاص طور تي ٽيمپون، پيڊ، يا پيالو رکڻ سان، محفوظ آهي ۽ پاڻ تي انفيڪشن جو خطرو نٿو وڌائي.,True
221,period -> ماهواري,حيض جي صحت ۽ مدت,ڇا اهو صحيح آهي ته عرصو انهن عورتن جي وچ ۾ هم وقت ٿئي جيڪي گڏ رهن ٿيون؟,ڇا اهو صحيح آهي ته ماهواري انهن عورتن جي وچ ۾ هم وقت ٿئي جيڪي گڏ رهن ٿيون؟,گڏ رهندڙ ماڻهن جي وچ ۾ حيض جي هم وقت سازي جو خيال هڪ مشهور عقيدو آهي، پر سخت سائنسي اڀياس مسلسل ان کي حقيقي جسماني رجحان جي طور تي حمايت نه ڪئي آهي.,گڏ رهندڙ ماڻهن جي وچ ۾ حيض جي هم وقت سازي جو خيال هڪ مشهور عقيدو آهي، پر سخت سائنسي اڀياس مسلسل ان کي حقيقي جسماني رجحان جي طور تي حمايت نه ڪئي آهي.,True
222,period -> ماهواري,حيض جي صحت ۽ مدت,ڇا ڪجهه کاڌو کائڻ جهڙوڪ ٿلهو يا ٿڌو کاڌو هڪ عرصو خراب ڪري ٿو؟,ڇا ڪجهه کاڌو کائڻ جهڙوڪ ٿلهو يا ٿڌو کاڌو هڪ ماهواري خراب ڪري ٿو؟,ڪو به مضبوط طبي ثبوت نه آهي ته مخصوص کاڌي جي قسمن جهڙوڪ ٿڌا يا ٿڌو کاڌو سڌو سنئون حيض جي علامات کي خراب ڪن ٿا. اهو گهڻو ڪري هڪ ثقافتي عقيدو آهي بلڪه هڪ قائم ڪيل حقيقت.,ڪو به مضبوط طبي ثبوت نه آهي ته مخصوص کاڌي جي قسمن جهڙوڪ ٿڌا يا ٿڌو کاڌو سڌو سنئون حيض جي علامات کي خراب ڪن ٿا. اهو گهڻو ڪري هڪ ثقافتي عقيدو آهي بلڪه هڪ قائم ڪيل حقيقت.,True
229,period -> ماهواري,حيض جي صحت ۽ مدت,ڇا عرصو رت جي بوءِ ان ڪري آهي جو اهو ناپاڪ آهي؟,ڇا ماهواري رت جي بوءِ ان ڪري آهي جو اهو ناپاڪ آهي؟,نه، حيض جي رت جي نرمي خوشبوءِ ان جي چمڙي تي هوا ۽ عام بيڪٽيريا جي ظاهر ٿيڻ سان ايندي آهي، نه ته رت پاڻ گندو آهي.,نه، حيض جي رت جي نرمي خوشبوءِ ان جي چمڙي تي هوا ۽ عام بيڪٽيريا جي ظاهر ٿيڻ سان ايندي آهي، نه ته رت پاڻ گندو آهي.,True
237,period -> ماهواري,حيض جي صحت ۽ مدت,ڇا هڪ عرصو هجڻ هڪ شخص جي صحيح فيصلا ڪرڻ جي صلاحيت کي متاثر ڪري ٿو؟,ڇا هڪ ماهواري هجڻ هڪ شخص جي صحيح فيصلا ڪرڻ جي صلاحيت کي متاثر ڪري ٿو؟,نه، ڪو به ثبوت نه آهي ته حيض فيصلو يا فيصلو ڪرڻ جي صلاحيت کي متاثر ڪري ٿو؛ هي هڪ طبي حقيقت جي ڀيٽ ۾ هڪ نقصانڪار اسٽريٽائپائپ آهي.,نه، ڪو به ثبوت نه آهي ته حيض فيصلو يا فيصلو ڪرڻ جي صلاحيت کي متاثر ڪري ٿو؛ هي هڪ طبي حقيقت جي ڀيٽ ۾ هڪ نقصانڪار اسٽريٽائپائپ آهي.,True
238,period -> ماهواري,حيض جي صحت ۽ مدت,ڇا ڇوڪرن ۽ مردن کي دورن بابت صحيح معلومات سکڻ مان فائدو حاصل ٿي سگھي ٿو؟,ڇا ڇوڪرن ۽ مردن کي دورن بابت صحيح معلومات سکڻ مان فائدو حاصل ٿي سگھي ٿو؟,ها، ڇوڪرن ۽ مردن کي تعليم ڏيڻ سان ڇڪتاڻ ۽ بدنامي کي گهٽائڻ ۾ مدد ملندي آهي، وڌيڪ مددگار گهرن ۽ ڪم ڪار جي جڳهن کي تعمير ڪرڻ ۾ مدد ملندي آهي، ۽ انهن افسانن کي چيلينج ڪندي آهي جيڪي عرصي سان لاڳاپيل تبعيض ۾ حصو وٺندا آهن.,ها، ڇوڪرن ۽ مردن کي تعليم ڏيڻ سان ڇڪتاڻ ۽ بدنامي کي گهٽائڻ ۾ مدد ملندي آهي، وڌيڪ مددگار گهرن ۽ ڪم ڪار جي جڳهن کي تعمير ڪرڻ ۾ مدد ملندي آهي، ۽ انهن افسانن کي چيلينج ڪندي آهي جيڪي ماهواري سان لاڳاپيل تبعيض ۾ حصو وٺندا آهن.,False
245,period -> ماهواري,حيض جي صحت ۽ مدت,ڇا عرصو سان لاڳاپيل ممنوع علائقن ۾ گهٽ حيض جي صحت جي تعليم سان وڌيڪ عام آهن؟,ڇا ماهواري سان لاڳاپيل ممنوع علائقن ۾ گهٽ حيض جي صحت جي تعليم سان وڌيڪ عام آهن؟,عام طور تي ها، ممنوع ۽ غلط معلومات وڌيڪ جڙيل هونديون آهن جتي منظم حيض جي صحت جي تعليم محدود هوندي آهي، جنهن جو حصو آهي ڇو ته عالمي صحت ادارن تعليم جي رسائي کي ترجيح ڏين ٿا.,عام طور تي ها، ممنوع ۽ غلط معلومات وڌيڪ جڙيل هونديون آهن جتي منظم حيض جي صحت جي تعليم محدود هوندي آهي، جنهن جو حصو آهي ڇو ته عالمي صحت ادارن تعليم جي رسائي کي ترجيح ڏين ٿا.,True
249,period -> ماهواري,حيض جي صحت ۽ مدت,ڇا اهو سچ آهي ته هڪ حيض واري شخص کي زور سان ورزش يا راندين کي راند نه ڪرڻ گهرجي؟,ڇا اهو سچ آهي ته هڪ حيض واري شخص کي زور سان ورزش يا راندين کي راند نه ڪرڻ گهرجي؟,نه، ڪو به طبي سبب ناهي ته ڪنهن عرصي دوران زوردار ورزش يا راندين کان پاسو ڪيو وڃي. حقيقت ۾، سرگرم رهڻ دردن کي آسان ڪرڻ ۽ مجموعي مزاج کي بهتر بنائڻ ۾ مدد ڪري سگهي ٿي.,نه، ڪو به طبي سبب ناهي ته ڪنهن ماهواري دوران زوردار ورزش يا راندين کان پاسو ڪيو وڃي. حقيقت ۾، سرگرم رهڻ دردن کي آسان ڪرڻ ۽ مجموعي مزاج کي بهتر بنائڻ ۾ مدد ڪري سگهي ٿي.,False
265,period -> ماهواري,ذهني صحت ۽ جذباتي ڀلائي,ڪو ڪيئن ٻڌائي سگهي ٿو ته انهن جي دٻاء جي سطح غير صحتمند ٿي رهي آهي؟,ڪو ڪيئن ٻڌائي سگهي ٿو ته انهن جي دٻاء جي سطح غير صحتمند ٿي رهي آهي؟,نشانيون جيڪي دٻاءُ غير صحتمند ٿي رهيون آهن انهن ۾ شامل آهن ننڊ جا مسئلا، توجه ڏيڻ ۾ مشڪلات، چڙهائي، جسماني علامات، يا وڌايل عرصي دوران روزاني ذميوارين کي منهن ڏيڻ ۾ ناڪامي محسوس ڪرڻ.,نشانيون جيڪي دٻاءُ غير صحتمند ٿي رهيون آهن انهن ۾ شامل آهن ننڊ جا مسئلا، توجه ڏيڻ ۾ مشڪلات، چڙهائي، جسماني علامات، يا وڌايل ماهواري دوران روزاني ذميوارين کي منهن ڏيڻ ۾ ناڪامي محسوس ڪرڻ.,False
311,period -> ماهواري,ذهني صحت ۽ جذباتي ڀلائي,ڇا اهو معمول آهي ته موڊ ۾ ڊپ محسوس ٿيڻ کان پوء جوش يا وڏي واقعي جي ختم ٿيڻ کان پوء؟,ڇا اهو معمول آهي ته موڊ ۾ ڊپ محسوس ٿيڻ کان پوء جوش يا وڏي واقعي جي ختم ٿيڻ کان پوء؟,ها، هي عام تجربو، ڪڏهن ڪڏهن پوسٽ-ايونٽ سلمپ سڏيو ويندو آهي، اوچائي جذبات يا سرگرمي جي عرصي کان پوء هڪ قدرتي ترتيب کي ظاهر ڪري ٿو.,ها، هي عام تجربو، ڪڏهن ڪڏهن پوسٽ-ايونٽ سلمپ سڏيو ويندو آهي، اوچائي جذبات يا سرگرمي جي ماهواري کان پوء هڪ قدرتي ترتيب کي ظاهر ڪري ٿو.,False
321,period -> ماهواري,ذهني صحت ۽ جذباتي ڀلائي,نئين ماءُ ڪيئن جذباتي طور تي ننڊ جي محروميءَ سان منهن ڏئي سگهي ٿي شروعاتي هفتن ۾؟,نئين ماءُ ڪيئن جذباتي طور تي ننڊ جي محروميءَ سان منهن ڏئي سگهي ٿي شروعاتي هفتن ۾؟,ٻين کان مدد قبول ڪرڻ، آرام ڪرڻ جڏهن ممڪن هجي ته مختصر عرصي ۾ به، ۽ جيڪي ڪجهه ڪيو وڃي ٿو ان بابت پاڻ سان نرمي ڪرڻ، هن ٿڪائيندڙ دور ۾ تمام مددگار جذباتي منهن ڏيڻ واريون حڪمت عمليون آهن.,ٻين کان مدد قبول ڪرڻ، آرام ڪرڻ جڏهن ممڪن هجي ته مختصر ماهواري ۾ به، ۽ جيڪي ڪجهه ڪيو وڃي ٿو ان بابت پاڻ سان نرمي ڪرڻ، هن ٿڪائيندڙ دور ۾ تمام مددگار جذباتي منهن ڏيڻ واريون حڪمت عمليون آهن.,False
350,period -> ماهواري,ذهني صحت ۽ جذباتي ڀلائي,ڇا جسم جي تصوير جي خدشات ننڍپڻ يا جوانيء ۾ شروع ٿي سگهي ٿي؟,ڇا جسم جي تصوير جي خدشات ننڍپڻ يا جوانيء ۾ شروع ٿي سگهي ٿي؟,ها، جسم جي تصوير جي شعور ۽ خدشات اڪثر ڪري ننڍپڻ دوران شروع ٿينديون آهن ۽ نوجوانيء جي دوران تيز ٿينديون آهن، هڪ عرصو تيز جسماني تبديلين جي نشاندهي ڪئي وئي آهي ۽ سماجي مقابلي ۾ اضافو ٿيو.,ها، جسم جي تصوير جي شعور ۽ خدشات اڪثر ڪري ننڍپڻ دوران شروع ٿينديون آهن ۽ نوجوانيء جي دوران تيز ٿينديون آهن، هڪ ماهواري تيز جسماني تبديلين جي نشاندهي ڪئي وئي آهي ۽ سماجي مقابلي ۾ اضافو ٿيو.,False
425,period -> ماهواري,ذهني صحت ۽ جذباتي ڀلائي,ڇا اهو عام آهي ننڊ جي ضرورتن کي تبديل ڪرڻ جي زندگي جي خاص طور تي دٻاء واري دور ۾؟,ڇا اهو عام آهي ننڊ جي ضرورتن کي تبديل ڪرڻ جي زندگي جي خاص طور تي دٻاء واري دور ۾؟,ها، ڪجهه ماڻهن کي تيز دٻاءُ واري دور ۾ وڌيڪ ننڊ جي ضرورت هوندي آهي جيئن جسم ۽ دماغ بحال ٿيڻ لاءِ ڪم ڪن ٿا، جڏهن ته ٻين کي ساڳئي عرصي دوران بيڪار ننڊ جو تجربو ٿي سگهي ٿو.,ها، ڪجهه ماڻهن کي تيز دٻاءُ واري دور ۾ وڌيڪ ننڊ جي ضرورت هوندي آهي جيئن جسم ۽ دماغ بحال ٿيڻ لاءِ ڪم ڪن ٿا، جڏهن ته ٻين کي ساڳئي ماهواري دوران بيڪار ننڊ جو تجربو ٿي سگهي ٿو.,False
457,period -> ماهواري,ذهني صحت ۽ جذباتي ڀلائي,ڪو ڪيئن اندازو لڳائي سگھي ٿو ته ڇا انهن جو دٻاء هڪ تشخيصي حالت بڻجي چڪو آهي جهڙوڪ پريشاني خرابي؟,ڪو ڪيئن اندازو لڳائي سگھي ٿو ته ڇا انهن جو دٻاء هڪ تشخيصي حالت بڻجي چڪو آهي جهڙوڪ پريشاني خرابي؟,هڪ ذهني صحت جو پروفيسر قائم ڪيل معيار جي خلاف علامتن جو جائزو وٺي سگھي ٿو. عام طور تي، مسلسل، گھڻي پريشاني جيڪا خاص طور تي روزاني زندگي کي ڊگھي عرصي تائين متاثر ڪري ٿي، ان قسم جي تشخيص کي ڳولڻ لاء اشارو آهي.,هڪ ذهني صحت جو پروفيسر قائم ڪيل معيار جي خلاف علامتن جو جائزو وٺي سگھي ٿو. عام طور تي، مسلسل، گھڻي پريشاني جيڪا خاص طور تي روزاني زندگي کي ڊگھي ماهواري تائين متاثر ڪري ٿي، ان قسم جي تشخيص کي ڳولڻ لاء اشارو آهي.,False
503,period -> ماهواري,حمل ۽ ماءُ جي صحت,حمل عام طور تي ڪيتري عرصي تائين رهندو آهي؟,حمل عام طور تي ڪيتري ماهواري تائين رهندو آهي؟,پورو حمل تقريباً چاليهه هفتا رهندو آهي، جنهن جو حساب پوئين ماهواري جي پهرين ڏينهن کان ڪيو ويندو آهي۔ ستٽيهن هفتن کان اڳ ڄمندڙ ٻارن کي وقت کان اڳ ڄاول (Preterm) چيو ويندو آهي، جن کي وڌيڪ سنڀال جي ضرورت هوندي آهي۔ توهان جو صحت ڪارڪن توهان کي ڄمڻ جي اندازي واري تاريخ ٻڌائي سگهي ٿو۔,پورو حمل تقريباً چاليهه هفتا رهندو آهي، جنهن جو حساب پوئين ماهواري جي پهرين ڏينهن کان ڪيو ويندو آهي۔ ستٽيهن هفتن کان اڳ ڄمندڙ ٻارن کي وقت کان اڳ ڄاول (Preterm) چيو ويندو آهي، جن کي وڌيڪ سنڀال جي ضرورت هوندي آهي۔ توهان جو صحت ڪارڪن توهان کي ڄمڻ جي اندازي واري تاريخ ٻڌائي سگهي ٿو۔,True
673,period -> ماهواري,حمل ۽ ماءُ جي صحت,ڄمڻ کانپوءِ جو وقت ايترو اهم ڇو آهي؟,ڄمڻ کانپوءِ جو وقت ايترو اهم ڇو آهي؟,گھڻيون ماءُ ۽ ٻار جون موتيون ڄمڻ کانپوءِ پهرين ڏينهن ۾ ٿين ٿيون۔ ان جي باوجود ڏهن مان ٽن کان وڌيڪ عورتن ۽ ٻارن کي هن عرصي ۾ ڪا به سنڀال نٿي ملي۔ اهو ئي اهو وقت آهي جڏهن چيڪ ڪرڻ سڀ کان وڌيڪ اهم آهي۔,گھڻيون ماءُ ۽ ٻار جون موتيون ڄمڻ کانپوءِ پهرين ڏينهن ۾ ٿين ٿيون۔ ان جي باوجود ڏهن مان ٽن کان وڌيڪ عورتن ۽ ٻارن کي هن ماهواري ۾ ڪا به سنڀال نٿي ملي۔ اهو ئي اهو وقت آهي جڏهن چيڪ ڪرڻ سڀ کان وڌيڪ اهم آهي۔,False
679,period -> ماهواري,حمل ۽ ماءُ جي صحت,ٻار ڄمڻ کانپوءِ صحتياب ٿيڻ ۾ ڪيترو وقت لڳي ٿو؟,ٻار ڄمڻ کانپوءِ صحتياب ٿيڻ ۾ ڪيترو وقت لڳي ٿو؟,پهريان ڇهه هفتا اهم صحتياب ٿيڻ وارو عرصو آهن، اهو ئي سبب آهي جو معائنا اهو عرصو گھمن ٿا۔ صحتياب ٿيڻ آهستي آهي ۽ عورت کان عورت مختلف آهي۔ آرام ڪريو، سٺي غذا کائو، ۽ پنهنجن معائنن ۾ وڃو۔,پهريان ڇهه هفتا اهم صحتياب ٿيڻ وارو ماهواري آهن، اهو ئي سبب آهي جو معائنا اهو ماهواري گھمن ٿا۔ صحتياب ٿيڻ آهستي آهي ۽ عورت کان عورت مختلف آهي۔ آرام ڪريو، سٺي غذا کائو، ۽ پنهنجن معائنن ۾ وڃو۔,False
778,period -> ماهواري,پي سي او ايس ۽ هارموني صحت,ڇا پي سي او ايس بلڪل به ماهواري نه اچڻ سان به ٿي سگهي ٿي؟,ڇا پي سي او ايس بلڪل به ماهواري نه اچڻ سان به ٿي سگهي ٿي؟,ها، غائب ماهواري پي سي او ايس جي سڃاتل نمونن مان هڪ آهي۔ ڊگھي عرصي تائين ماهواري نه اچڻ کي هميشه ڊاڪٽر سان ڳالهائجي۔ ان کي سادگي سان قبول نه ڪجي۔,ها، غائب ماهواري پي سي او ايس جي سڃاتل نمونن مان هڪ آهي۔ ڊگھي ماهواري تائين ماهواري نه اچڻ کي هميشه ڊاڪٽر سان ڳالهائجي۔ ان کي سادگي سان قبول نه ڪجي۔,False
1340,period -> ماهواري,مينوپاز ۽ مينوپاسل صحت,ڇا پري مينوپاز سبب ڊگھي عرصي تائين گھڻن ڏينھن تائين رھي سگھي ٿو؟,ڇا پري مينوپاز سبب ڊگھي ماهواري تائين گھڻن ڏينھن تائين رھي سگھي ٿو؟,ها، ڪجهه عورتن کي پريمينوپاز جي دوران ڊگهي عرصي وارو عرصو تجربو ٿئي ٿو، جيتوڻيڪ خونريزي معمول کان گهڻو وقت تائين رهي ٿي، ڊاڪٽر سان ڳالهايو وڃي. هي عام صحت جي معلومات آهي، نه هڪ تشخيص. ذاتي طبي مشوري لاءِ صحت جي سار سنڀار سان صلاح ڪريو.,ها، ڪجهه عورتن کي پريمينوپاز جي دوران ڊگهي ماهواري وارو ماهواري تجربو ٿئي ٿو، جيتوڻيڪ خونريزي معمول کان گهڻو وقت تائين رهي ٿي، ڊاڪٽر سان ڳالهايو وڃي. هي عام صحت جي معلومات آهي، نه هڪ تشخيص. ذاتي طبي مشوري لاءِ صحت جي سار سنڀار سان صلاح ڪريو.,True
1587,period -> ماهواري,زرخيزي ۽ پيداواري صحت,ڇا موبائيل فون يا ليپ ٽاپ جي گرمي مرد جي زرخيزي کي متاثر ڪري ٿي؟,ڇا موبائيل فون يا ليپ ٽاپ جي گرمي مرد جي زرخيزي کي متاثر ڪري ٿي؟,ڪجهه تحقيق مطابق اسڪروٽم جي ويجهو ڊگهي عرصي تائين گرمي رکڻ اسپرم جي معيار تي اثر انداز ٿي سگهي ٿي، جيتوڻيڪ ان جو حتمي اثر اڃا تحقيق هيٺ آهي.,ڪجهه تحقيق مطابق اسڪروٽم جي ويجهو ڊگهي ماهواري تائين گرمي رکڻ اسپرم جي معيار تي اثر انداز ٿي سگهي ٿي، جيتوڻيڪ ان جو حتمي اثر اڃا تحقيق هيٺ آهي.,False
1727,period -> ماهواري,زرخيزي ۽ پيداواري صحت,ڇا هڪ عورت پنهنجي دور جي ختم ٿيڻ کان پوء حامل ٿي سگهي ٿي؟,ڇا هڪ عورت پنهنجي دور جي ختم ٿيڻ کان پوء حامل ٿي سگهي ٿي؟,اهو ممڪن آهي، خاص طور تي عورتن ۾ جن ۾ ننڍو چڪر هوندو آهي، ڇاڪاڻ ته سپرم ڪيترائي ڏينهن زنده رهي سگهي ٿو ۽ عرصو ختم ٿيڻ کان پوءِ جلد ئي ovulation ٿي سگهي ٿو.,اهو ممڪن آهي، خاص طور تي عورتن ۾ جن ۾ ننڍو چڪر هوندو آهي، ڇاڪاڻ ته سپرم ڪيترائي ڏينهن زنده رهي سگهي ٿو ۽ ماهواري ختم ٿيڻ کان پوءِ جلد ئي ovulation ٿي سگهي ٿو.,False
1867,period -> ماهواري,ويجنل ۽ ذاتي صفائي,بار بار پيشاب جي رستي جي انفيڪشن کي ڪيئن روڪي سگهجي ٿو؟,بار بار پيشاب جي رستي جي انفيڪشن کي ڪيئن روڪي سگهجي ٿو؟,هائيڊريٽ ۾ رهڻ، جماع کان پوءِ پيشاب ڪرڻ، اڳيان کان پوئتي مسح ڪرڻ، ۽ پيشاب کي ڊگھي عرصي تائين رکڻ کان پاسو ڪرڻ، اهي سڀ شيون بار بار ايندڙ پيشاب جي رستي جي انفيڪشن جي خطري کي گهٽائڻ ۾ مدد ڪري سگهن ٿيون.,هائيڊريٽ ۾ رهڻ، جماع کان پوءِ پيشاب ڪرڻ، اڳيان کان پوئتي مسح ڪرڻ، ۽ پيشاب کي ڊگھي ماهواري تائين رکڻ کان پاسو ڪرڻ، اهي سڀ شيون بار بار ايندڙ پيشاب جي رستي جي انفيڪشن جي خطري کي گهٽائڻ ۾ مدد ڪري سگهن ٿيون.,False
1895,period -> ماهواري,ويجنل ۽ ذاتي صفائي,سڄي حيض واري چڪر ۾ خارج ٿيڻ ڪيئن بدلجي ٿو؟,سڄي حيض واري چڪر ۾ خارج ٿيڻ ڪيئن بدلجي ٿو؟,ڊسچارج هڪ عرصي کان پوءِ سڪل ٿيڻ لڳندو آهي، اووليشن جي ويجهو صاف ۽ ڊگهو ٿيندو آهي، ۽ هارمونل شفٽ جي ڪري بعد ۾ ٿلهو ۽ اڇو ٿيندو آهي.,ڊسچارج هڪ ماهواري کان پوءِ سڪل ٿيڻ لڳندو آهي، اووليشن جي ويجهو صاف ۽ ڊگهو ٿيندو آهي، ۽ هارمونل شفٽ جي ڪري بعد ۾ ٿلهو ۽ اڇو ٿيندو آهي.,False
