id,category,sub_category,question,answer,source
2001,عورتن جي غذائيت ۽ صحت,عام روزاني بيماريون,بخار ۾ ڪهڙي کاڌي کائجي؟,بخار دوران هلڪو ۽ آسانيءَ سان هضم ٿيندڙ کاڌو کائجي، جهڙوڪ شوربو، ڀاڄيءَ جو پاڻي، دلي جي کچڙي ۽ نرم ميوا جهڙوڪ ڪيلا۔ پاڻي، ORS، لسي يا تازو جوس گھڻو پيئڻ ضروري آهي، ڇو ته بخار ۾ جسم مان پاڻي گھڻو نڪري ٿو ۽ ڊيھائيڊريشن ٿي سگهي ٿي۔ ڳوري، تريل ۽ مصالحيدار کاڌي کان بچجي۔ جيڪڏهن بخار 2 ڏينهن کان مٿي رهي، تيز هجي يا سخت علامتن سان گڏ هجي ته صحت مرڪز وڃو۔,MedlinePlus - Fever - https://medlineplus.gov/fever.html
2002,حمل ۽ ماءُ جي صحت,حمل ۽ زچگي کانپوءِ خطري جون نشانيون,حمل دوران بخار ٿئي ته ڇا ڪجي؟,حمل ۾ 100.4°F (38°C) يا مٿي بخار هڪ خطري جي نشاني آهي۔ گھر ۾ پاڻ مرادو دوا نه وٺو، تڪڙو صحت مرڪز يا اسپتال وڃو۔ جڏهن تائين اتي پهچو، وڌيڪ پاڻي پيئو، آرام ڪريو ۽ هلڪا ڪپڙا پايو۔ بخار سان گڏ سور، رطوبت، يا ٻار جي حرڪت گھٽجڻ جھڙيون نشانيون هجن ته اهو وڌيڪ سنگين ٿي سگهي ٿو۔,CDC - Urgent Maternal Warning Signs - https://www.cdc.gov/hearher/pregnant-postpartum-women/index.html
2003,عورتن جي غذائيت ۽ صحت,عام روزاني بيماريون,بخار ڪيترو تيز ٿئي ته ڊاڪٽر وٽ وڃجي؟,بالغن لاءِ 103°F (39.4°C) يا مٿي بخار، يا 100.4°F (38°C) کان مٿي بخار جيڪو 2-3 ڏينهن کان وڌيڪ رهي، تن کي طبي ڌيان جي ضرورت آهي۔ حامله عورتن لاءِ 100.4°F يا مٿي ڪوبه بخار فوري صحت مرڪز وڃڻ جي نشاني آهي۔ سخت سر درد، سخت ڳچي، ساهه کڻڻ ۾ تڪليف، يا مونجهاري سان گڏ بخار هجي ته دير نه ڪريو۔,MedlinePlus - Fever - https://medlineplus.gov/fever.html
2004,حمل ۽ ماءُ جي صحت,جسماني ٻار ڄڻڻ کان پوءِ صحتيابي,ٻار ڄمڻ کانپوءِ ڪيترو بخار خطرناڪ سمجهيو وڃي ٿو؟,ٻار ڄمڻ کانپوءِ 100.4°F (38°C) يا مٿي بخار، خاص طور تي جيڪڏهن 24 ڪلاڪن کان مٿي رهي يا بدبودار رطوبت، سخت پيٽ سور يا زخم مان رطوبت سان گڏ هجي، ته اهو انفيڪشن جي نشاني ٿي سگهي ٿو۔ گھر ۾ علاج نه ڪريو، فوري صحت مرڪز وڃو۔,WHO - Maternal Mortality - https://www.who.int/news-room/fact-sheets/detail/maternal-mortality
2005,حيض جي صحت ۽ مدت,عام سببن کان سائيڪل ٽريڪنگ ۽ بي ترتيب,حيض دوران بخار ٿئي ته ان جو مطلب ڪهڙو آهي؟,حيض دوران هلڪو بخار عام حيض جو حصو ناهي ۽ اڪثر ڪري جسم ۾ ڪنهن سوزش يا انفيڪشن جي نشاني ٿي سگهي ٿو۔ جيڪڏهن بخار سان گڏ تيز سور، بدبودار رطوبت يا وڌيڪ ٿڪاوٽ هجي ته پيلوڪ انفيڪشن يا ٽاڪسڪ شاڪ سنڊروم (خاص طور تي ٽيمپون استعمال ڪندي) جو امڪان ٿي سگهي ٿو، جنهن لاءِ فوري طبي معائنو ضروري آهي۔,Mayo Clinic - Toxic shock syndrome - https://www.mayoclinic.org/diseases-conditions/toxic-shock-syndrome/symptoms-causes/syc-20355384
2006,ويجنل ۽ ذاتي صفائي,پيشاب جي رستي جي انفيڪشن,UTI سان بخار هجي ته فوري ڇا ڪجي؟,جيڪڏهن پيشاب جي انفيڪشن (UTI) سان بخار، سردي لڳڻ يا پُٺ ۾ سور به هجي ته اهو گردن تائين پکڙيل انفيڪشن (ڪِڊني انفيڪشن) جي نشاني ٿي سگهي ٿو۔ اهو گھر ۾ علاج جو معاملو ناهي - جلد صحت مرڪز وڃي علاج ورتو وڃي، ڇو ته دير ٿيڻ سان اها حالت وڌيڪ سنگين ٿي سگهي ٿي۔,Mayo Clinic - Urinary tract infection - https://www.mayoclinic.org/diseases-conditions/urinary-tract-infection/symptoms-causes/syc-20353447
2007,حمل ۽ ماءُ جي صحت,ٿڃ پيارڻ ۽ نئين ڄاول ٻار جون بنيادي ڳالهيون,نئين ڄاول ٻار کي بخار هجي ته ڇا ڪجي؟,3 مهينن کان ننڍي ٻار ۾ 100.4°F (38°C) يا مٿي بخار هڪ طبي ايمرجنسي سمجهيو وڃي ٿو - فوري صحت مرڪز يا اسپتال وڃو، گھر ۾ پاڻ مرادو دوا نه ڏيو۔ جيستائين اتي پهچو، ٻار کي هلڪا ڪپڙا پايو ۽ ٿڃ يا فارمولا ڏيندا رهو ته جيئن پاڻي جي کوٽ نه ٿئي۔,WHO - Newborn health - https://www.who.int/news-room/fact-sheets/detail/newborn-health
2008,پي سي او ايس ۽ هارموني صحت,پي سي او ايس ڇا آهي ۽ عام نشانيون,ڇا PCOS ۾ بخار هڪ عام نشاني آهي؟,نه، بخار PCOS جي عام نشانين ۾ شامل ناهي۔ PCOS جون عام نشانيون آهن بي ترتيب حيض، وزن وڌڻ، مُهاسا ۽ وارن جو وڌيڪ اُڀرڻ۔ جيڪڏهن PCOS سان گڏ بخار هجي ته اهو ڪنهن ٻئي انفيڪشن يا مسئلي جي ڪري ٿي سگهي ٿو، جنهن لاءِ الڳ کان طبي معائنو ضروري آهي۔,Mayo Clinic - PCOS - https://www.mayoclinic.org/diseases-conditions/pcos/symptoms-causes/syc-20353439
2009,مينوپاز ۽ مينوپاسل صحت,عام علامتون,گرمي جي لهر (hot flash) ۽ بخار ۾ ڪهڙو فرق آهي؟,گرمي جي لهر ٿوري وقت لاءِ (چند منٽ) اوچتو گرمي، پگهر ۽ چهري جي ڳاڙهاڻ جو احساس آهي، جيڪو هارمونل تبديلين سبب ٿئي ٿو ۽ جسم جو حرارتي پيمانو مٿي نٿو وڃي۔ بخار ۾ جسم جو حرارتي پيمانو حقيقت ۾ 100.4°F (38°C) کان مٿي ٿي وڃي ٿو ۽ اڪثر ڪري انفيڪشن جي نشاني هوندي آهي۔ جيڪڏهن يقين نه هجي يا بخار جهڙيون ٻيون علامتون (ڏڪڻ، سخت ٿڪاوٽ) هجن ته حرارتي پيمانو چيڪ ڪريو ۽ صحت مرڪز سان صلاح ڪريو۔,Mayo Clinic - Hot flashes - https://www.mayoclinic.org/diseases-conditions/hot-flashes/symptoms-causes/syc-20352790
